product_name,price
OVERSIZED STRAPPY DRESS,"₹ 4,350.00"
Z1975 STRAPPY DENIM MIDI DRESS,"₹ 4,350.00"
SHORT HALTER GODET DRESS,"₹ 3,550.00"
LINEN BLEND MIDI CUT-OUT DRESS,"₹ 4,350.00"
OVERSIZED STRAPPY DRESS,"₹ 4,350.00"
Z1975 DENIM MINI DRESS,"₹ 3,550.00"
DENIM MINI DRESS,"₹ 3,550.00"
STRIPED MINI DRESS,"₹ 3,550.00"
ZW COLLECTION STRAPLESS POLKA DOT DRESS,"₹ 7,550.00"
CONTRAST MIDI DRESS,"₹ 3,550.00"
ZW COLLECTION EMBROIDERED SHORT DRESS,"₹ 7,550.00"
ZW COLLECTION LONG SATIN DRESS,
SHORT HALTER GODET DRESS,
LINEN BLEND MIDI DRESS WITH BELT,"₹ 4,950.00"
Z1975 SHORT SLEEVE DENIM PLAYSUIT,
ZW COLLECTION SHORT VOLUMINOUS DRESS,
CUT-OUT STRAPLESS DRESS,"₹ 4,950.00"
ZW COLLECTION POPLIN DRESS,"₹ 4,950.00"
MIDI DRESS WITH GATHERED DETAIL,
LONG PRINTED DRESS WITH SCARF,"₹ 5,950.00"
SHORT DRESS WITH BOWS,
FLORAL GODET DRESS,"₹ 3,550.00"
ZW COLLECTION PLEATED MIDI DRESS,
GATHERED SHORT DRESS,"₹ 2,550.00"
GEOMETRIC FEATHER PRINT MINI DRESS,"₹ 4,950.00"
PRINTED LINEN BLEND MIDI DRESS,"₹ 4,950.00"
LONG SATIN DRESS,"₹ 4,950.00"
ZW COLLECTION POLKA DOT MIDI DRESS,"₹ 5,950.00"
STRETCH SQUARE NECK DRESS,
ZW COLLECTION EMBROIDERED DRESS,"₹ 17,950.00"
ZW COLLECTION EMBROIDERED SHORT DRESS,"₹ 7,550.00"
SHORT POPLIN LACE DRESS,"₹ 4,350.00"
ZW COLLECTION PRINTED SHIRT DRESS,"₹ 5,550.00"
Z1975 SHORT SLEEVE DENIM PLAYSUIT,
KNIT DRESS WITH BOX PLEATS,"₹ 3,550.00"
